-- =====================================================
-- DATABASE E-LEARNING KAMPUS (ECO-LEARNING PORTAL)
-- GABUNGAN LENGKAP: SCHEMA + INITIAL SEED DATA
-- Target: MySQL / MariaDB (XAMPP Localhost)
-- Generated programmatically for 100 Mahasiswa, 6 Dosen, 2 Admin
-- Paswword format: First Name + 3 Unique Random Digits (1-9)
-- =====================================================

CREATE DATABASE IF NOT EXISTS elearning_kampus;
USE elearning_kampus;

-- -----------------------------------------------------
-- PART 1: CORE USERS & ROLES SCHEMA
-- -----------------------------------------------------

-- 1. Table: users (All active accounts in the portal)
CREATE TABLE IF NOT EXISTS users (
  id INT AUTO_INCREMENT PRIMARY KEY,
  username VARCHAR(50) NOT NULL UNIQUE,
  password VARCHAR(255) NOT NULL,
  nama_lengkap VARCHAR(150) NOT NULL,
  email VARCHAR(100) NOT NULL UNIQUE,
  role ENUM('admin', 'dosen', 'mahasiswa') NOT NULL,
  status ENUM('aktif', 'nonaktif') DEFAULT 'aktif',
  created_at TIMESTAMP DEFAULT CURRENT_TIMESTAMP,
  updated_at TIMESTAMP DEFAULT CURRENT_TIMESTAMP ON UPDATE CURRENT_TIMESTAMP
);

-- 2. Table: dosen (Lecturers/Instructors details)
CREATE TABLE IF NOT EXISTS dosen (
  id INT AUTO_INCREMENT PRIMARY KEY,
  user_id INT NOT NULL,
  nip VARCHAR(50) NOT NULL UNIQUE,
  FOREIGN KEY (user_id) REFERENCES users(id) ON DELETE CASCADE
);

-- 3. Table: mahasiswa (Students details)
CREATE TABLE IF NOT EXISTS mahasiswa (
  id INT AUTO_INCREMENT PRIMARY KEY,
  user_id INT NOT NULL,
  jurusan_id INT NOT NULL, -- 21 = Sistem Informasi, 22 = Teknik Informatika
  nim VARCHAR(50) NOT NULL UNIQUE,
  semester_saat_ini INT NOT NULL DEFAULT 1,
  FOREIGN KEY (user_id) REFERENCES users(id) ON DELETE CASCADE
);

-- -----------------------------------------------------
-- PART 2: ACADEMIC & ACTIVITIES SCHEMA
-- -----------------------------------------------------

-- 4. Table: matakuliah (Courses catalogue)
CREATE TABLE IF NOT EXISTS matakuliah (
  id INT AUTO_INCREMENT PRIMARY KEY,
  kode_matkul VARCHAR(20) NOT NULL UNIQUE,
  nama_matkul VARCHAR(150) NOT NULL,
  sks INT NOT NULL
);

-- 5. Table: kelas (Parallel classes assigned to lecturer and course)
CREATE TABLE IF NOT EXISTS kelas (
  id INT AUTO_INCREMENT PRIMARY KEY,
  matakuliah_id INT NOT NULL,
  dosen_id INT,
  kode_kelas VARCHAR(50) NOT NULL UNIQUE,
  semester INT NOT NULL,
  tahun_akademik VARCHAR(20) DEFAULT '2025/2026',
  hari VARCHAR(20) NOT NULL,
  jam_mulai TIME NOT NULL,
  jam_selesai TIME NOT NULL,
  ruangan VARCHAR(100) NOT NULL,
  kapasitas INT NOT NULL DEFAULT 40,
  jumlah_mahasiswa INT DEFAULT 0,
  FOREIGN KEY (matakuliah_id) REFERENCES matakuliah(id) ON DELETE CASCADE,
  FOREIGN KEY (dosen_id) REFERENCES dosen(id) ON DELETE SET NULL
);

-- 6. Table: krs (Course enrollment tracking with final grades)
CREATE TABLE IF NOT EXISTS krs (
  id INT AUTO_INCREMENT PRIMARY KEY,
  mahasiswa_id INT NOT NULL,
  kelas_id INT NOT NULL,
  matakuliah_id INT NOT NULL,
  semester INT NOT NULL,
  grade VARCHAR(2) DEFAULT NULL,
  FOREIGN KEY (mahasiswa_id) REFERENCES mahasiswa(id) ON DELETE CASCADE,
  FOREIGN KEY (kelas_id) REFERENCES kelas(id) ON DELETE CASCADE,
  FOREIGN KEY (matakuliah_id) REFERENCES matakuliah(id) ON DELETE CASCADE
);

-- 7. Table: pertemuan (Lectures sessions / meetings)
CREATE TABLE IF NOT EXISTS pertemuan (
  id INT AUTO_INCREMENT PRIMARY KEY,
  kelas_id INT NOT NULL,
  nomor_pertemuan INT NOT NULL,
  judul_pertemuan VARCHAR(255),
  deskripsi TEXT,
  tanggal_pertemuan DATE,
  jam_mulai TIME,
  jam_selesai TIME,
  status ENUM('belum_dimulai', 'berlangsung', 'selesai') DEFAULT 'belum_dimulai',
  created_at TIMESTAMP DEFAULT CURRENT_TIMESTAMP,
  updated_at TIMESTAMP DEFAULT CURRENT_TIMESTAMP ON UPDATE CURRENT_TIMESTAMP,
  FOREIGN KEY (kelas_id) REFERENCES kelas(id) ON DELETE CASCADE,
  UNIQUE KEY unique_pertemuan (kelas_id, nomor_pertemuan),
  INDEX idx_tanggal (tanggal_pertemuan)
);

-- 8. Table: materi_pertemuan (Slide and documents uploads)
CREATE TABLE IF NOT EXISTS materi_pertemuan (
  id INT AUTO_INCREMENT PRIMARY KEY,
  pertemuan_id INT NOT NULL,
  judul_materi VARCHAR(255) NOT NULL,
  deskripsi TEXT,
  file_path VARCHAR(255) NOT NULL,
  file_name VARCHAR(255) NOT NULL,
  file_size INT NOT NULL,
  tipe_file VARCHAR(50) NOT NULL,
  created_at TIMESTAMP DEFAULT CURRENT_TIMESTAMP,
  FOREIGN KEY (pertemuan_id) REFERENCES pertemuan(id) ON DELETE CASCADE
);

-- 9. Table: tugas_pertemuan (Lecturer published assignments)
CREATE TABLE IF NOT EXISTS tugas_pertemuan (
  id INT AUTO_INCREMENT PRIMARY KEY,
  pertemuan_id INT NOT NULL,
  judul_tugas VARCHAR(255) NOT NULL,
  deskripsi TEXT,
  tanggal_deadline DATETIME NOT NULL,
  bobot_nilai INT DEFAULT 10,
  status ENUM('aktif', 'selesai') DEFAULT 'aktif',
  created_at TIMESTAMP DEFAULT CURRENT_TIMESTAMP,
  FOREIGN KEY (pertemuan_id) REFERENCES pertemuan(id) ON DELETE CASCADE
);

-- 10. Table: submission_tugas_pertemuan (Students submissions & reviews)
CREATE TABLE IF NOT EXISTS submission_tugas_pertemuan (
  id INT AUTO_INCREMENT PRIMARY KEY,
  tugas_pertemuan_id INT NOT NULL,
  mahasiswa_id INT NOT NULL,
  file_path VARCHAR(255) NOT NULL,
  file_name VARCHAR(255) NOT NULL,
  file_size INT NOT NULL,
  catatan_mahasiswa TEXT,
  nilai INT DEFAULT NULL,
  komentar_dosen TEXT,
  status ENUM('submitted', 'graded') DEFAULT 'submitted',
  tanggal_submit DATETIME NOT NULL,
  tanggal_graded DATETIME DEFAULT NULL,
  FOREIGN KEY (tugas_pertemuan_id) REFERENCES tugas_pertemuan(id) ON DELETE CASCADE,
  FOREIGN KEY (mahasiswa_id) REFERENCES mahasiswa(id) ON DELETE CASCADE
);

-- 11. Table: absensi (Students attendance registry)
CREATE TABLE IF NOT EXISTS absensi (
  id INT AUTO_INCREMENT PRIMARY KEY,
  krs_id INT NOT NULL,
  pertemuan INT NOT NULL,
  tanggal DATE NOT NULL,
  status ENUM('hadir', 'sakit', 'izin', 'alfa') NOT NULL,
  keterangan VARCHAR(255),
  FOREIGN KEY (krs_id) REFERENCES krs(id) ON DELETE CASCADE
);

-- -----------------------------------------------------
-- PART 3: CORE INITIAL SEED DATA
-- -----------------------------------------------------

-- Seed 1: Users (Admins, Lecturers, Students)
INSERT IGNORE INTO users (id, username, password, nama_lengkap, email, role, status) VALUES
(1, '15123416', 'Admin658', 'Administrator Akademik LPTIK', 'admin.lptik@unas.ac.id', 'admin', 'aktif'),
(2, '15123417', 'Endang587', 'Dra. Endang Sulistyowati', 'endang.s@unas.ac.id', 'admin', 'aktif'),
(3, '35112001', 'Rendra996', 'Dr. Rendra Kusuma, M.T.', 'rendra.kusuma@unas.ac.id', 'dosen', 'aktif'),
(4, '35112002', 'H755', 'Ir. H. Gunawan Wibisono, M.T.', 'gunawan.wibisono@unas.ac.id', 'dosen', 'aktif'),
(5, '35112003', 'Indah646', 'Dr. Indah Lestari, M.Kom.', 'indah.lestari@unas.ac.id', 'dosen', 'aktif'),
(6, '35112004', 'Siti825', 'Siti Rahmawati, S.Kom., M.MSI.', 'siti.rahmawati@unas.ac.id', 'dosen', 'aktif'),
(7, '35112005', 'Budi337', 'Budi Hermawan, M.T.', 'budi.hermawan@unas.ac.id', 'dosen', 'aktif'),
(8, '35112006', 'Yusuf843', 'Yusuf Wijaya, M.Kom.', 'yusuf.wijaya@unas.ac.id', 'dosen', 'aktif'),
(9, '25211101', 'Ahmad689', 'Ahmad Pratama', 'ahmad.pratama@mhs.unas.ac.id', 'mahasiswa', 'aktif'),
(10, '25211002', 'Ahmad822', 'Ahmad Pratama', 'ahmad.pratama@mhs.unas.ac.id', 'mahasiswa', 'aktif'),
(11, '25211003', 'Budi688', 'Budi Pratama', 'budi.pratama@mhs.unas.ac.id', 'mahasiswa', 'aktif'),
(12, '25211004', 'Chandra638', 'Chandra Pratama', 'chandra.pratama@mhs.unas.ac.id', 'mahasiswa', 'aktif'),
(13, '25211005', 'Dedi213', 'Dedi Pratama', 'dedi.pratama@mhs.unas.ac.id', 'mahasiswa', 'aktif'),
(14, '25211006', 'Eko455', 'Eko Pratama', 'eko.pratama@mhs.unas.ac.id', 'mahasiswa', 'aktif'),
(15, '25211007', 'Fajar452', 'Fajar Pratama', 'fajar.pratama@mhs.unas.ac.id', 'mahasiswa', 'aktif'),
(16, '25211008', 'Guntur251', 'Guntur Pratama', 'guntur.pratama@mhs.unas.ac.id', 'mahasiswa', 'aktif'),
(17, '25211009', 'Hendra177', 'Hendra Pratama', 'hendra.pratama@mhs.unas.ac.id', 'mahasiswa', 'aktif'),
(18, '25211010', 'Iwan679', 'Iwan Pratama', 'iwan.pratama@mhs.unas.ac.id', 'mahasiswa', 'aktif'),
(19, '25211011', 'Joko234', 'Joko Pratama', 'joko.pratama@mhs.unas.ac.id', 'mahasiswa', 'aktif'),
(20, '25211012', 'Kurniawan144', 'Kurniawan Pratama', 'kurniawan.pratama@mhs.unas.ac.id', 'mahasiswa', 'aktif'),
(21, '25211013', 'Lutfi912', 'Lutfi Pratama', 'lutfi.pratama@mhs.unas.ac.id', 'mahasiswa', 'aktif'),
(22, '25211014', 'Mulyono269', 'Mulyono Pratama', 'mulyono.pratama@mhs.unas.ac.id', 'mahasiswa', 'aktif'),
(23, '25211015', 'Novi919', 'Novi Pratama', 'novi.pratama@mhs.unas.ac.id', 'mahasiswa', 'aktif'),
(24, '25211016', 'Oki291', 'Oki Pratama', 'oki.pratama@mhs.unas.ac.id', 'mahasiswa', 'aktif'),
(25, '25211017', 'Prabowo189', 'Prabowo Pratama', 'prabowo.pratama@mhs.unas.ac.id', 'mahasiswa', 'aktif'),
(26, '25211018', 'Rian954', 'Rian Pratama', 'rian.pratama@mhs.unas.ac.id', 'mahasiswa', 'aktif'),
(27, '25211019', 'Setyawan717', 'Setyawan Pratama', 'setyawan.pratama@mhs.unas.ac.id', 'mahasiswa', 'aktif'),
(28, '25211020', 'Taufik898', 'Taufik Pratama', 'taufik.pratama@mhs.unas.ac.id', 'mahasiswa', 'aktif'),
(29, '25211021', 'Umar311', 'Umar Pratama', 'umar.pratama@mhs.unas.ac.id', 'mahasiswa', 'aktif'),
(30, '25211022', 'Wahyu184', 'Wahyu Pratama', 'wahyu.pratama@mhs.unas.ac.id', 'mahasiswa', 'aktif'),
(31, '25211023', 'Yanto431', 'Yanto Pratama', 'yanto.pratama@mhs.unas.ac.id', 'mahasiswa', 'aktif'),
(32, '25211024', 'Zainal589', 'Zainal Pratama', 'zainal.pratama@mhs.unas.ac.id', 'mahasiswa', 'aktif'),
(33, '25211025', 'Aditya559', 'Aditya Pratama', 'aditya.pratama@mhs.unas.ac.id', 'mahasiswa', 'aktif'),
(34, '25211026', 'Bagus995', 'Bagus Pratama', 'bagus.pratama@mhs.unas.ac.id', 'mahasiswa', 'aktif'),
(35, '25211027', 'Cahyo863', 'Cahyo Pratama', 'cahyo.pratama@mhs.unas.ac.id', 'mahasiswa', 'aktif'),
(36, '25211028', 'Dharma472', 'Dharma Pratama', 'dharma.pratama@mhs.unas.ac.id', 'mahasiswa', 'aktif'),
(37, '25211029', 'Erwin247', 'Erwin Pratama', 'erwin.pratama@mhs.unas.ac.id', 'mahasiswa', 'aktif'),
(38, '25211030', 'Farhan833', 'Farhan Pratama', 'farhan.pratama@mhs.unas.ac.id', 'mahasiswa', 'aktif'),
(39, '25211031', 'Gilang543', 'Gilang Pratama', 'gilang.pratama@mhs.unas.ac.id', 'mahasiswa', 'aktif'),
(40, '25211032', 'Hari722', 'Hari Pratama', 'hari.pratama@mhs.unas.ac.id', 'mahasiswa', 'aktif'),
(41, '25211033', 'Indra477', 'Indra Pratama', 'indra.pratama@mhs.unas.ac.id', 'mahasiswa', 'aktif'),
(42, '25211034', 'Joni814', 'Joni Pratama', 'joni.pratama@mhs.unas.ac.id', 'mahasiswa', 'aktif'),
(43, '25211035', 'Kevin664', 'Kevin Pratama', 'kevin.pratama@mhs.unas.ac.id', 'mahasiswa', 'aktif'),
(44, '25211036', 'Lukman615', 'Lukman Pratama', 'lukman.pratama@mhs.unas.ac.id', 'mahasiswa', 'aktif'),
(45, '25211037', 'Mahendra483', 'Mahendra Pratama', 'mahendra.pratama@mhs.unas.ac.id', 'mahasiswa', 'aktif'),
(46, '25211038', 'Nugroho767', 'Nugroho Pratama', 'nugroho.pratama@mhs.unas.ac.id', 'mahasiswa', 'aktif'),
(47, '25211039', 'Oka635', 'Oka Pratama', 'oka.pratama@mhs.unas.ac.id', 'mahasiswa', 'aktif'),
(48, '25211040', 'Putra424', 'Putra Pratama', 'putra.pratama@mhs.unas.ac.id', 'mahasiswa', 'aktif'),
(49, '25211041', 'Rendy578', 'Rendy Pratama', 'rendy.pratama@mhs.unas.ac.id', 'mahasiswa', 'aktif'),
(50, '25211042', 'Soni417', 'Soni Pratama', 'soni.pratama@mhs.unas.ac.id', 'mahasiswa', 'aktif'),
(51, '25211043', 'Teguh557', 'Teguh Pratama', 'teguh.pratama@mhs.unas.ac.id', 'mahasiswa', 'aktif'),
(52, '25211044', 'Utomo871', 'Utomo Pratama', 'utomo.pratama@mhs.unas.ac.id', 'mahasiswa', 'aktif'),
(53, '25211045', 'Wawan931', 'Wawan Pratama', 'wawan.pratama@mhs.unas.ac.id', 'mahasiswa', 'aktif'),
(54, '25211046', 'Yudi273', 'Yudi Pratama', 'yudi.pratama@mhs.unas.ac.id', 'mahasiswa', 'aktif'),
(55, '25211047', 'Zul282', 'Zul Pratama', 'zul.pratama@mhs.unas.ac.id', 'mahasiswa', 'aktif'),
(56, '25211048', 'Aris661', 'Aris Pratama', 'aris.pratama@mhs.unas.ac.id', 'mahasiswa', 'aktif'),
(57, '25211049', 'Beni817', 'Beni Pratama', 'beni.pratama@mhs.unas.ac.id', 'mahasiswa', 'aktif'),
(58, '25211050', 'Dani437', 'Dani Pratama', 'dani.pratama@mhs.unas.ac.id', 'mahasiswa', 'aktif'),
(59, '25221001', 'Budi459', 'Budi Santoso', 'budi.santoso@mhs.unas.ac.id', 'mahasiswa', 'aktif'),
(60, '25221002', 'Chandra249', 'Chandra Santoso', 'chandra.santoso@mhs.unas.ac.id', 'mahasiswa', 'aktif'),
(61, '25221003', 'Dedi712', 'Dedi Santoso', 'dedi.santoso@mhs.unas.ac.id', 'mahasiswa', 'aktif'),
(62, '25221004', 'Eko978', 'Eko Santoso', 'eko.santoso@mhs.unas.ac.id', 'mahasiswa', 'aktif'),
(63, '25221005', 'Fajar697', 'Fajar Santoso', 'fajar.santoso@mhs.unas.ac.id', 'mahasiswa', 'aktif'),
(64, '25221006', 'Guntur449', 'Guntur Santoso', 'guntur.santoso@mhs.unas.ac.id', 'mahasiswa', 'aktif'),
(65, '25221007', 'Hendra252', 'Hendra Santoso', 'hendra.santoso@mhs.unas.ac.id', 'mahasiswa', 'aktif'),
(66, '25221008', 'Iwan462', 'Iwan Santoso', 'iwan.santoso@mhs.unas.ac.id', 'mahasiswa', 'aktif'),
(67, '25221009', 'Joko568', 'Joko Santoso', 'joko.santoso@mhs.unas.ac.id', 'mahasiswa', 'aktif'),
(68, '25221010', 'Kurniawan521', 'Kurniawan Santoso', 'kurniawan.santoso@mhs.unas.ac.id', 'mahasiswa', 'aktif'),
(69, '25221011', 'Lutfi582', 'Lutfi Santoso', 'lutfi.santoso@mhs.unas.ac.id', 'mahasiswa', 'aktif'),
(70, '25221012', 'Mulyono447', 'Mulyono Santoso', 'mulyono.santoso@mhs.unas.ac.id', 'mahasiswa', 'aktif'),
(71, '25221013', 'Novi737', 'Novi Santoso', 'novi.santoso@mhs.unas.ac.id', 'mahasiswa', 'aktif'),
(72, '25221014', 'Oki766', 'Oki Santoso', 'oki.santoso@mhs.unas.ac.id', 'mahasiswa', 'aktif'),
(73, '25221015', 'Prabowo933', 'Prabowo Santoso', 'prabowo.santoso@mhs.unas.ac.id', 'mahasiswa', 'aktif'),
(74, '25221016', 'Rian199', 'Rian Santoso', 'rian.santoso@mhs.unas.ac.id', 'mahasiswa', 'aktif'),
(75, '25221017', 'Setyawan723', 'Setyawan Santoso', 'setyawan.santoso@mhs.unas.ac.id', 'mahasiswa', 'aktif'),
(76, '25221018', 'Taufik271', 'Taufik Santoso', 'taufik.santoso@mhs.unas.ac.id', 'mahasiswa', 'aktif'),
(77, '25221019', 'Umar694', 'Umar Santoso', 'umar.santoso@mhs.unas.ac.id', 'mahasiswa', 'aktif'),
(78, '25221020', 'Wahyu499', 'Wahyu Santoso', 'wahyu.santoso@mhs.unas.ac.id', 'mahasiswa', 'aktif'),
(79, '25221021', 'Yanto433', 'Yanto Santoso', 'yanto.santoso@mhs.unas.ac.id', 'mahasiswa', 'aktif'),
(80, '25221022', 'Zainal352', 'Zainal Santoso', 'zainal.santoso@mhs.unas.ac.id', 'mahasiswa', 'aktif'),
(81, '25221023', 'Aditya788', 'Aditya Santoso', 'aditya.santoso@mhs.unas.ac.id', 'mahasiswa', 'aktif'),
(82, '25221024', 'Bagus969', 'Bagus Santoso', 'bagus.santoso@mhs.unas.ac.id', 'mahasiswa', 'aktif'),
(83, '25221025', 'Cahyo194', 'Cahyo Santoso', 'cahyo.santoso@mhs.unas.ac.id', 'mahasiswa', 'aktif'),
(84, '25221026', 'Dharma598', 'Dharma Santoso', 'dharma.santoso@mhs.unas.ac.id', 'mahasiswa', 'aktif'),
(85, '25221027', 'Erwin866', 'Erwin Santoso', 'erwin.santoso@mhs.unas.ac.id', 'mahasiswa', 'aktif'),
(86, '25221028', 'Farhan553', 'Farhan Santoso', 'farhan.santoso@mhs.unas.ac.id', 'mahasiswa', 'aktif'),
(87, '25221029', 'Gilang787', 'Gilang Santoso', 'gilang.santoso@mhs.unas.ac.id', 'mahasiswa', 'aktif'),
(88, '25221030', 'Hari116', 'Hari Santoso', 'hari.santoso@mhs.unas.ac.id', 'mahasiswa', 'aktif'),
(89, '25221031', 'Indra667', 'Indra Santoso', 'indra.santoso@mhs.unas.ac.id', 'mahasiswa', 'aktif'),
(90, '25221032', 'Joni357', 'Joni Santoso', 'joni.santoso@mhs.unas.ac.id', 'mahasiswa', 'aktif'),
(91, '25221033', 'Kevin695', 'Kevin Santoso', 'kevin.santoso@mhs.unas.ac.id', 'mahasiswa', 'aktif'),
(92, '25221034', 'Lukman547', 'Lukman Santoso', 'lukman.santoso@mhs.unas.ac.id', 'mahasiswa', 'aktif'),
(93, '25221035', 'Mahendra854', 'Mahendra Santoso', 'mahendra.santoso@mhs.unas.ac.id', 'mahasiswa', 'aktif'),
(94, '25221036', 'Nugroho847', 'Nugroho Santoso', 'nugroho.santoso@mhs.unas.ac.id', 'mahasiswa', 'aktif'),
(95, '25221037', 'Oka556', 'Oka Santoso', 'oka.santoso@mhs.unas.ac.id', 'mahasiswa', 'aktif'),
(96, '25221038', 'Putra551', 'Putra Santoso', 'putra.santoso@mhs.unas.ac.id', 'mahasiswa', 'aktif'),
(97, '25221039', 'Rendy873', 'Rendy Santoso', 'rendy.santoso@mhs.unas.ac.id', 'mahasiswa', 'aktif'),
(98, '25221040', 'Soni885', 'Soni Santoso', 'soni.santoso@mhs.unas.ac.id', 'mahasiswa', 'aktif'),
(99, '25221041', 'Teguh792', 'Teguh Santoso', 'teguh.santoso@mhs.unas.ac.id', 'mahasiswa', 'aktif'),
(100, '25221042', 'Utomo493', 'Utomo Santoso', 'utomo.santoso@mhs.unas.ac.id', 'mahasiswa', 'aktif'),
(101, '25221043', 'Wawan968', 'Wawan Santoso', 'wawan.santoso@mhs.unas.ac.id', 'mahasiswa', 'aktif'),
(102, '25221044', 'Yudi389', 'Yudi Santoso', 'yudi.santoso@mhs.unas.ac.id', 'mahasiswa', 'aktif'),
(103, '25221045', 'Zul518', 'Zul Santoso', 'zul.santoso@mhs.unas.ac.id', 'mahasiswa', 'aktif'),
(104, '25221046', 'Aris853', 'Aris Santoso', 'aris.santoso@mhs.unas.ac.id', 'mahasiswa', 'aktif'),
(105, '25221047', 'Beni178', 'Beni Santoso', 'beni.santoso@mhs.unas.ac.id', 'mahasiswa', 'aktif'),
(106, '25221048', 'Dani548', 'Dani Santoso', 'dani.santoso@mhs.unas.ac.id', 'mahasiswa', 'aktif'),
(107, '25221049', 'Eka442', 'Eka Santoso', 'eka.santoso@mhs.unas.ac.id', 'mahasiswa', 'aktif'),
(108, '25221050', 'Ahmad586', 'Ahmad Wijaya', 'ahmad.wijaya@mhs.unas.ac.id', 'mahasiswa', 'aktif');

-- Seed 2: Lecturer Details
INSERT IGNORE INTO dosen (id, user_id, nip) VALUES
(1, 3, '35112001'),
(2, 4, '35112002'),
(3, 5, '35112003'),
(4, 6, '35112004'),
(5, 7, '35112005'),
(6, 8, '35112006');

-- Seed 3: Student Details
INSERT IGNORE INTO mahasiswa (id, user_id, jurusan_id, nim, semester_saat_ini) VALUES
(1, 9, 21, '25211101', 1),
(2, 10, 21, '25211002', 1),
(3, 11, 21, '25211003', 1),
(4, 12, 21, '25211004', 1),
(5, 13, 21, '25211005', 1),
(6, 14, 21, '25211006', 1),
(7, 15, 21, '25211007', 1),
(8, 16, 21, '25211008', 1),
(9, 17, 21, '25211009', 1),
(10, 18, 21, '25211010', 1),
(11, 19, 21, '25211011', 1),
(12, 20, 21, '25211012', 1),
(13, 21, 21, '25211013', 1),
(14, 22, 21, '25211014', 1),
(15, 23, 21, '25211015', 1),
(16, 24, 21, '25211016', 1),
(17, 25, 21, '25211017', 1),
(18, 26, 21, '25211018', 1),
(19, 27, 21, '25211019', 1),
(20, 28, 21, '25211020', 1),
(21, 29, 21, '25211021', 1),
(22, 30, 21, '25211022', 1),
(23, 31, 21, '25211023', 1),
(24, 32, 21, '25211024', 1),
(25, 33, 21, '25211025', 1),
(26, 34, 21, '25211026', 1),
(27, 35, 21, '25211027', 1),
(28, 36, 21, '25211028', 1),
(29, 37, 21, '25211029', 1),
(30, 38, 21, '25211030', 1),
(31, 39, 21, '25211031', 1),
(32, 40, 21, '25211032', 1),
(33, 41, 21, '25211033', 1),
(34, 42, 21, '25211034', 1),
(35, 43, 21, '25211035', 1),
(36, 44, 21, '25211036', 1),
(37, 45, 21, '25211037', 1),
(38, 46, 21, '25211038', 1),
(39, 47, 21, '25211039', 1),
(40, 48, 21, '25211040', 1),
(41, 49, 21, '25211041', 1),
(42, 50, 21, '25211042', 1),
(43, 51, 21, '25211043', 1),
(44, 52, 21, '25211044', 1),
(45, 53, 21, '25211045', 1),
(46, 54, 21, '25211046', 1),
(47, 55, 21, '25211047', 1),
(48, 56, 21, '25211048', 1),
(49, 57, 21, '25211049', 1),
(50, 58, 21, '25211050', 1),
(51, 59, 22, '25221001', 1),
(52, 60, 22, '25221002', 1),
(53, 61, 22, '25221003', 1),
(54, 62, 22, '25221004', 1),
(55, 63, 22, '25221005', 1),
(56, 64, 22, '25221006', 1),
(57, 65, 22, '25221007', 1),
(58, 66, 22, '25221008', 1),
(59, 67, 22, '25221009', 1),
(60, 68, 22, '25221010', 1),
(61, 69, 22, '25221011', 1),
(62, 70, 22, '25221012', 1),
(63, 71, 22, '25221013', 1),
(64, 72, 22, '25221014', 1),
(65, 73, 22, '25221015', 1),
(66, 74, 22, '25221016', 1),
(67, 75, 22, '25221017', 1),
(68, 76, 22, '25221018', 1),
(69, 77, 22, '25221019', 1),
(70, 78, 22, '25221020', 1),
(71, 79, 22, '25221021', 1),
(72, 80, 22, '25221022', 1),
(73, 81, 22, '25221023', 1),
(74, 82, 22, '25221024', 1),
(75, 83, 22, '25221025', 1),
(76, 84, 22, '25221026', 1),
(77, 85, 22, '25221027', 1),
(78, 86, 22, '25221028', 1),
(79, 87, 22, '25221029', 1),
(80, 88, 22, '25221030', 1),
(81, 89, 22, '25221031', 1),
(82, 90, 22, '25221032', 1),
(83, 91, 22, '25221033', 1),
(84, 92, 22, '25221034', 1),
(85, 93, 22, '25221035', 1),
(86, 94, 22, '25221036', 1),
(87, 95, 22, '25221037', 1),
(88, 96, 22, '25221038', 1),
(89, 97, 22, '25221039', 1),
(90, 98, 22, '25221040', 1),
(91, 99, 22, '25221041', 1),
(92, 100, 22, '25221042', 1),
(93, 101, 22, '25221043', 1),
(94, 102, 22, '25221044', 1),
(95, 103, 22, '25221045', 1),
(96, 104, 22, '25221046', 1),
(97, 105, 22, '25221047', 1),
(98, 106, 22, '25221048', 1),
(99, 107, 22, '25221049', 1),
(100, 108, 22, '25221050', 1);

-- Seed 4: Courses Catalogue
INSERT IGNORE INTO matakuliah (id, kode_matkul, nama_matkul, sks) VALUES
(1, 'SI101', 'Algoritma & Pemrograman', 3),
(2, 'SI102', 'Basis Data Terdistribusi', 3),
(3, 'SI103', 'Sistem Informasi Manajemen', 2),
(4, 'TI101', 'Pemrograman Berorientasi Objek', 3),
(5, 'TI102', 'Kecerdasan Buatan', 3),
(6, 'TI103', 'Jaringan Komputer', 3);

-- Seed 5: Parallel Classes
INSERT IGNORE INTO kelas (id, matakuliah_id, dosen_id, kode_kelas, semester, tahun_akademik, hari, jam_mulai, jam_selesai, ruangan, kapasitas, jumlah_mahasiswa) VALUES
(1, 1, 1, 'SI101-A', 1, '2025/2026', 'Senin', '08:00:00', '09:40:00', 'Ruang Lab Rekayasa Perangkat Lunak', 40, 50),
(2, 2, 1, 'SI102-A', 1, '2025/2026', 'Selasa', '10:00:00', '11:40:00', 'Ruang Lab Jaringan Terdistribusi', 40, 50),
(3, 3, 3, 'SI103-A', 1, '2025/2026', 'Rabu', '13:00:00', '14:40:00', 'Gedung Kuliah Utama Ruang 302', 40, 50),
(4, 4, 2, 'TI101-A', 1, '2025/2026', 'Kamis', '08:00:00', '09:40:00', 'Ruang Lab Komputer 2', 40, 50),
(5, 5, 5, 'TI102-A', 1, '2025/2026', 'Jumat', '14:00:00', '15:40:00', 'Gedung Pascasarjana Ruang 105', 40, 50);

-- Seed 6: KRS Enrolments (Enrolling all 100 students to relevant classes)
INSERT IGNORE INTO krs (id, mahasiswa_id, kelas_id, matakuliah_id, semester, grade) VALUES
(1, 1, 1, 1, 1, 'A'),
(2, 1, 2, 2, 1, 'B'),
(3, 1, 3, 3, 1, NULL),
(4, 2, 1, 1, 1, 'A'),
(5, 2, 2, 2, 1, 'B'),
(6, 2, 3, 3, 1, NULL),
(7, 3, 1, 1, 1, 'A'),
(8, 3, 2, 2, 1, 'B'),
(9, 3, 3, 3, 1, NULL),
(10, 4, 1, 1, 1, 'A'),
(11, 4, 2, 2, 1, 'B'),
(12, 4, 3, 3, 1, NULL),
(13, 5, 1, 1, 1, 'A'),
(14, 5, 2, 2, 1, 'B'),
(15, 5, 3, 3, 1, NULL),
(16, 6, 1, 1, 1, 'A'),
(17, 6, 2, 2, 1, 'B'),
(18, 6, 3, 3, 1, NULL),
(19, 7, 1, 1, 1, 'A'),
(20, 7, 2, 2, 1, 'B'),
(21, 7, 3, 3, 1, NULL),
(22, 8, 1, 1, 1, 'A'),
(23, 8, 2, 2, 1, 'B'),
(24, 8, 3, 3, 1, NULL),
(25, 9, 1, 1, 1, 'A'),
(26, 9, 2, 2, 1, 'B'),
(27, 9, 3, 3, 1, NULL),
(28, 10, 1, 1, 1, 'A'),
(29, 10, 2, 2, 1, 'B'),
(30, 10, 3, 3, 1, NULL),
(31, 11, 1, 1, 1, 'A'),
(32, 11, 2, 2, 1, 'B'),
(33, 11, 3, 3, 1, NULL),
(34, 12, 1, 1, 1, 'A'),
(35, 12, 2, 2, 1, 'B'),
(36, 12, 3, 3, 1, NULL),
(37, 13, 1, 1, 1, 'A'),
(38, 13, 2, 2, 1, 'B'),
(39, 13, 3, 3, 1, NULL),
(40, 14, 1, 1, 1, 'A'),
(41, 14, 2, 2, 1, 'B'),
(42, 14, 3, 3, 1, NULL),
(43, 15, 1, 1, 1, 'A'),
(44, 15, 2, 2, 1, 'B'),
(45, 15, 3, 3, 1, NULL),
(46, 16, 1, 1, 1, 'A'),
(47, 16, 2, 2, 1, 'B'),
(48, 16, 3, 3, 1, NULL),
(49, 17, 1, 1, 1, 'A'),
(50, 17, 2, 2, 1, 'B'),
(51, 17, 3, 3, 1, NULL),
(52, 18, 1, 1, 1, 'A'),
(53, 18, 2, 2, 1, 'B'),
(54, 18, 3, 3, 1, NULL),
(55, 19, 1, 1, 1, 'A'),
(56, 19, 2, 2, 1, 'B'),
(57, 19, 3, 3, 1, NULL),
(58, 20, 1, 1, 1, 'A'),
(59, 20, 2, 2, 1, 'B'),
(60, 20, 3, 3, 1, NULL),
(61, 21, 1, 1, 1, 'A'),
(62, 21, 2, 2, 1, 'B'),
(63, 21, 3, 3, 1, NULL),
(64, 22, 1, 1, 1, 'A'),
(65, 22, 2, 2, 1, 'B'),
(66, 22, 3, 3, 1, NULL),
(67, 23, 1, 1, 1, 'A'),
(68, 23, 2, 2, 1, 'B'),
(69, 23, 3, 3, 1, NULL),
(70, 24, 1, 1, 1, 'A'),
(71, 24, 2, 2, 1, 'B'),
(72, 24, 3, 3, 1, NULL),
(73, 25, 1, 1, 1, 'A'),
(74, 25, 2, 2, 1, 'B'),
(75, 25, 3, 3, 1, NULL),
(76, 26, 1, 1, 1, 'A'),
(77, 26, 2, 2, 1, 'B'),
(78, 26, 3, 3, 1, NULL),
(79, 27, 1, 1, 1, 'A'),
(80, 27, 2, 2, 1, 'B'),
(81, 27, 3, 3, 1, NULL),
(82, 28, 1, 1, 1, 'A'),
(83, 28, 2, 2, 1, 'B'),
(84, 28, 3, 3, 1, NULL),
(85, 29, 1, 1, 1, 'A'),
(86, 29, 2, 2, 1, 'B'),
(87, 29, 3, 3, 1, NULL),
(88, 30, 1, 1, 1, 'A'),
(89, 30, 2, 2, 1, 'B'),
(90, 30, 3, 3, 1, NULL),
(91, 31, 1, 1, 1, 'A'),
(92, 31, 2, 2, 1, 'B'),
(93, 31, 3, 3, 1, NULL),
(94, 32, 1, 1, 1, 'A'),
(95, 32, 2, 2, 1, 'B'),
(96, 32, 3, 3, 1, NULL),
(97, 33, 1, 1, 1, 'A'),
(98, 33, 2, 2, 1, 'B'),
(99, 33, 3, 3, 1, NULL),
(100, 34, 1, 1, 1, 'A'),
(101, 34, 2, 2, 1, 'B'),
(102, 34, 3, 3, 1, NULL),
(103, 35, 1, 1, 1, 'A'),
(104, 35, 2, 2, 1, 'B'),
(105, 35, 3, 3, 1, NULL),
(106, 36, 1, 1, 1, 'A'),
(107, 36, 2, 2, 1, 'B'),
(108, 36, 3, 3, 1, NULL),
(109, 37, 1, 1, 1, 'A'),
(110, 37, 2, 2, 1, 'B'),
(111, 37, 3, 3, 1, NULL),
(112, 38, 1, 1, 1, 'A'),
(113, 38, 2, 2, 1, 'B'),
(114, 38, 3, 3, 1, NULL),
(115, 39, 1, 1, 1, 'A'),
(116, 39, 2, 2, 1, 'B'),
(117, 39, 3, 3, 1, NULL),
(118, 40, 1, 1, 1, 'A'),
(119, 40, 2, 2, 1, 'B'),
(120, 40, 3, 3, 1, NULL),
(121, 41, 1, 1, 1, 'A'),
(122, 41, 2, 2, 1, 'B'),
(123, 41, 3, 3, 1, NULL),
(124, 42, 1, 1, 1, 'A'),
(125, 42, 2, 2, 1, 'B'),
(126, 42, 3, 3, 1, NULL),
(127, 43, 1, 1, 1, 'A'),
(128, 43, 2, 2, 1, 'B'),
(129, 43, 3, 3, 1, NULL),
(130, 44, 1, 1, 1, 'A'),
(131, 44, 2, 2, 1, 'B'),
(132, 44, 3, 3, 1, NULL),
(133, 45, 1, 1, 1, 'A'),
(134, 45, 2, 2, 1, 'B'),
(135, 45, 3, 3, 1, NULL),
(136, 46, 1, 1, 1, 'A'),
(137, 46, 2, 2, 1, 'B'),
(138, 46, 3, 3, 1, NULL),
(139, 47, 1, 1, 1, 'A'),
(140, 47, 2, 2, 1, 'B'),
(141, 47, 3, 3, 1, NULL),
(142, 48, 1, 1, 1, 'A'),
(143, 48, 2, 2, 1, 'B'),
(144, 48, 3, 3, 1, NULL),
(145, 49, 1, 1, 1, 'A'),
(146, 49, 2, 2, 1, 'B'),
(147, 49, 3, 3, 1, NULL),
(148, 50, 1, 1, 1, 'A'),
(149, 50, 2, 2, 1, 'B'),
(150, 50, 3, 3, 1, NULL),
(151, 51, 4, 4, 1, 'B'),
(152, 51, 5, 5, 1, NULL),
(153, 52, 4, 4, 1, 'B'),
(154, 52, 5, 5, 1, NULL),
(155, 53, 4, 4, 1, 'B'),
(156, 53, 5, 5, 1, NULL),
(157, 54, 4, 4, 1, 'B'),
(158, 54, 5, 5, 1, NULL),
(159, 55, 4, 4, 1, 'B'),
(160, 55, 5, 5, 1, NULL),
(161, 56, 4, 4, 1, 'B'),
(162, 56, 5, 5, 1, NULL),
(163, 57, 4, 4, 1, 'B'),
(164, 57, 5, 5, 1, NULL),
(165, 58, 4, 4, 1, 'B'),
(166, 58, 5, 5, 1, NULL),
(167, 59, 4, 4, 1, 'B'),
(168, 59, 5, 5, 1, NULL),
(169, 60, 4, 4, 1, 'B'),
(170, 60, 5, 5, 1, NULL),
(171, 61, 4, 4, 1, 'B'),
(172, 61, 5, 5, 1, NULL),
(173, 62, 4, 4, 1, 'B'),
(174, 62, 5, 5, 1, NULL),
(175, 63, 4, 4, 1, 'B'),
(176, 63, 5, 5, 1, NULL),
(177, 64, 4, 4, 1, 'B'),
(178, 64, 5, 5, 1, NULL),
(179, 65, 4, 4, 1, 'B'),
(180, 65, 5, 5, 1, NULL),
(181, 66, 4, 4, 1, 'B'),
(182, 66, 5, 5, 1, NULL),
(183, 67, 4, 4, 1, 'B'),
(184, 67, 5, 5, 1, NULL),
(185, 68, 4, 4, 1, 'B'),
(186, 68, 5, 5, 1, NULL),
(187, 69, 4, 4, 1, 'B'),
(188, 69, 5, 5, 1, NULL),
(189, 70, 4, 4, 1, 'B'),
(190, 70, 5, 5, 1, NULL),
(191, 71, 4, 4, 1, 'B'),
(192, 71, 5, 5, 1, NULL),
(193, 72, 4, 4, 1, 'B'),
(194, 72, 5, 5, 1, NULL),
(195, 73, 4, 4, 1, 'B'),
(196, 73, 5, 5, 1, NULL),
(197, 74, 4, 4, 1, 'B'),
(198, 74, 5, 5, 1, NULL),
(199, 75, 4, 4, 1, 'B'),
(200, 75, 5, 5, 1, NULL),
(201, 76, 4, 4, 1, 'B'),
(202, 76, 5, 5, 1, NULL),
(203, 77, 4, 4, 1, 'B'),
(204, 77, 5, 5, 1, NULL),
(205, 78, 4, 4, 1, 'B'),
(206, 78, 5, 5, 1, NULL),
(207, 79, 4, 4, 1, 'B'),
(208, 79, 5, 5, 1, NULL),
(209, 80, 4, 4, 1, 'B'),
(210, 80, 5, 5, 1, NULL),
(211, 81, 4, 4, 1, 'B'),
(212, 81, 5, 5, 1, NULL),
(213, 82, 4, 4, 1, 'B'),
(214, 82, 5, 5, 1, NULL),
(215, 83, 4, 4, 1, 'B'),
(216, 83, 5, 5, 1, NULL),
(217, 84, 4, 4, 1, 'B'),
(218, 84, 5, 5, 1, NULL),
(219, 85, 4, 4, 1, 'B'),
(220, 85, 5, 5, 1, NULL),
(221, 86, 4, 4, 1, 'B'),
(222, 86, 5, 5, 1, NULL),
(223, 87, 4, 4, 1, 'B'),
(224, 87, 5, 5, 1, NULL),
(225, 88, 4, 4, 1, 'B'),
(226, 88, 5, 5, 1, NULL),
(227, 89, 4, 4, 1, 'B'),
(228, 89, 5, 5, 1, NULL),
(229, 90, 4, 4, 1, 'B'),
(230, 90, 5, 5, 1, NULL),
(231, 91, 4, 4, 1, 'B'),
(232, 91, 5, 5, 1, NULL),
(233, 92, 4, 4, 1, 'B'),
(234, 92, 5, 5, 1, NULL),
(235, 93, 4, 4, 1, 'B'),
(236, 93, 5, 5, 1, NULL),
(237, 94, 4, 4, 1, 'B'),
(238, 94, 5, 5, 1, NULL),
(239, 95, 4, 4, 1, 'B'),
(240, 95, 5, 5, 1, NULL),
(241, 96, 4, 4, 1, 'B'),
(242, 96, 5, 5, 1, NULL),
(243, 97, 4, 4, 1, 'B'),
(244, 97, 5, 5, 1, NULL),
(245, 98, 4, 4, 1, 'B'),
(246, 98, 5, 5, 1, NULL),
(247, 99, 4, 4, 1, 'B'),
(248, 99, 5, 5, 1, NULL),
(249, 100, 4, 4, 1, 'B'),
(250, 100, 5, 5, 1, NULL);

-- Seed 7: Sessional Meetings (Pertemuan)
INSERT IGNORE INTO pertemuan (id, kelas_id, nomor_pertemuan, judul_pertemuan, deskripsi, tanggal_pertemuan, jam_mulai, jam_selesai, status) VALUES
(1, 1, 1, 'Pengenalan Logika Algoritma', 'Sesi perdana menerangkan flowchart, psuedocode, dan logika percabangan IF-ELSE.', CURDATE(), '08:00:00', '09:40:00', 'berlangsung'),
(2, 1, 2, 'Struktur Kontrol Loop', 'Pembahasan iterasi menggunakan FOR, WHILE, dan DO-WHILE.', DATE_ADD(CURDATE(), INTERVAL 7 DAY), '08:00:00', '09:40:00', 'belum_dimulai'),
(3, 4, 1, 'Pengenalan Pemrograman Berorientasi Objek', 'Sesi pertama membahas Class, Object, Attribute, Method, dan Enkapsulasi Dasar.', CURDATE(), '08:00:00', '09:40:00', 'berlangsung');

-- Seed 8: Assignments (Tugas)
INSERT IGNORE INTO tugas_pertemuan (id, pertemuan_id, judul_tugas, deskripsi, tanggal_deadline, bobot_nilai, status) VALUES
(1, 1, 'Tugas Mandiri 1: Implementasi Flowchart', 'Buatlah diagram alir flowchart dan pseudocode untuk menentukan bilangan ganjil-genap.', DATE_ADD(CURDATE(), INTERVAL 3 DAY), 10, 'aktif');
